3823_B.fasta	0.05343910783933375
3823_S.fasta	0.0007935470079888691
987045.PRJNA63165.fasta	0.0
323097.PRJNA13473.fasta	0.0
521096.PRJNA29399.fasta	0.0
3823_N.fasta	0.0
3934_CH.fasta	0.0
LjRoot48.fasta	0.0
LjRoot53.fasta	0.0
LjRoot92.fasta	0.0
520709.PRJNA183323.fasta	0.0
1387231.PRJNA215329.fasta	0.0
Chlamy109.fasta	0.13616942897645978
243230.PRJNA65.fasta	0.0
1121335.PRJNA181307.fasta	0.0
3934_CM.fasta	0.0
LjRoot131.fasta	0.0
204669.PRJNA15771.fasta	0.0
1353246.PRJNA210247.fasta	0.0
3934_CB.fasta	0.0
3823_U.fasta	0.0
455632.PRJDA20085.fasta	0.0
1343740.PRJNA207502.fasta	0.0
1304886.PRJNA195832.fasta	0.0
1312954.PRJNA232074.fasta	0.0
LjRoot154.fasta	0.0
316.PRJNA240232.fasta	0.0
526225.PRJNA29547.fasta	0.08167219258179009
LjRoot196.fasta	1.6723350745943812
720555.PRJNA46075.fasta	0.0
LjRoot179.fasta	0.026989107576001974
LjRoot38.fasta	0.0
Chlamy53.fasta	0.0
1120948.PRJNA165357.fasta	0.0
1159488.PRJEA88899.fasta	0.0
1123261.PRJNA195811.fasta	0.0
1205910.PRJNA169662.fasta	0.0
469371.PRJNA20737.fasta	0.0
LjRoot31.fasta	0.0
LjRoot183.fasta	44.65241101559914
358823.PRJNA242835.fasta	0.08118864352397724
591167.PRJNA33771.fasta	0.0
LjRoot43.fasta	0.0
3823_AQ.fasta	0.0
LjRoot42.fasta	0.0
1173027.PRJNA158839.fasta	0.0
3823_O.fasta	0.0
3934_CG.fasta	0.0
3934_AX.fasta	0.08156395201998361
1267600.PRJNA239657.fasta	0.0815416654445194
3934_CP.fasta	0.054445652592826126
690598.PRJNA41633.fasta	0.0
LjRoot104.fasta	0.0
LjRoot142.fasta	0.0
523850.PRJNA20773.fasta	0.0
3934_AE.fasta	0.0
652017.PRJNA238302.fasta	0.0
546414.PRJNA16691.fasta	0.0
3934_BL.fasta	0.0
LjRoot79.fasta	0.0
LjRoot9.fasta	0.0
401053.PRJNA48971.fasta	0.0
Chlamy9.fasta	0.7349812178626965
246197.PRJNA1421.fasta	1.2252068242907392
LjRoot13.fasta	0.3261792861162009
1214242.PRJNA171216.fasta	22.407733661310843
1463864.PRJNA238534.fasta	64.0266216412894
1432050.PRJNA230502.fasta	0.02721552348433778
Chlamy84.fasta	0.05429328079367269
1107311.PRJNA221771.fasta	1.1961482922875188
3934_C.fasta	1.4156790095901317
337191.PRJNA50495.fasta	0.0
1217721.PRJNA254093.fasta	0.0
3823_A.fasta	0.0
Chlamy126.fasta	0.08129293411209554
1218084.PRJDB257.fasta	0.24459932567192783
529.PRJNA244571.fasta	0.0
1356854.PRJNA210955.fasta	0.0
Chlamy119.fasta	0.0
452863.PRJNA20011.fasta	0.0
1206781.PRJNA170044.fasta	0.10899153457883462
251221.PRJNA9606.fasta	0.0
1439940.PRJNA232351.fasta	0.0
491205.PRJNA236202.fasta	0.0
3934_BB.fasta	0.0
323848.PRJNA13912.fasta	0.1633669289686748
861299.PRJNA194094.fasta	0.0
LjRoot49.fasta	0.0
234267.PRJNA12638.fasta	0.0
3823_AC.fasta	0.08161199600153013
1196323.PRJNA167831.fasta	0.18977283808994036
LjRoot34.fasta	1.7398746687480648
3823_C.fasta	0.0
292459.PRJNA12994.fasta	0.0
756499.PRJNA61181.fasta	0.0
3934_CQ.fasta	0.0
3934_AM.fasta	0.05429922955775248
290340.PRJNA12512.fasta	0.0
3937_I.fasta	0.0
Chlamy52.fasta	0.10892023969948321
3934_CK.fasta	1.3600556284649181
LjRoot192.fasta	0.0
277.PRJNA260561.fasta	0.0
3823_AO.fasta	3.130165997931247
3823_AA.fasta	21.272081619888464
553385.PRJNA237992.fasta	0.0
LjRoot186.fasta	0.0
3934_BR.fasta	4.191041564279267
3823_M.fasta	0.0
LjRoot184.fasta	0.843877782551813
315750.PRJNA20391.fasta	0.0
LjRoot82.fasta	0.0
457425.PRJNA180996.fasta	0.0
1217712.PRJNA183309.fasta	0.0
1405.PRJNA243593.fasta	0.0
3934_AG.fasta	0.02711298674691386
Chlamy149.fasta	1.4839573987211079
525903.PRJNA29531.fasta	0.0
1404245.PRJNA221205.fasta	0.0
675511.PRJNA89087.fasta	0.0
665577.PRJNA63193.fasta	0.0
3823_W.fasta	0.0
316330.PRJNA201009.fasta	0.0
3823_Y.fasta	9.035273193482723
LjRoot33.fasta	0.0
479431.PRJNA29537.fasta	0.0
395965.PRJNA20635.fasta	0.19057329929879246
1254432.PRJNA179502.fasta	0.0
1121917.PRJNA165395.fasta	0.0
667632.PRJNA169697.fasta	0.0
3937_Q.fasta	0.0
3934_AI.fasta	1.2249522836446316
796606.PRJNA246479.fasta	0.08171925077201768
590998.PRJNA33691.fasta	0.0
Chlamy151.fasta	9.549761429511298
1217718.PRJNA171721.fasta	0.053955015006238546
65497.PRJNA238534.fasta	0.1355508201911484
LjRoot156.fasta	0.0
Chlamy71.fasta	0.0
457427.PRJNA33605.fasta	0.025294582154354976
LjRoot69.fasta	0.1906317591518578
LjRoot30.fasta	0.0
LjRoot167.fasta	0.10892343367544123
498211.PRJNA28329.fasta	3.3488813572950766
LjRoot122.fasta	10.123593656262178
3823_F.fasta	0.001277543119919282
3934_AL.fasta	0.0
LjRoot134.fasta	0.0
76114.PRJNA13242.fasta	0.0
3823_AH.fasta	5.578015333735075
LjRoot152.fasta	68.38838487257698
1262454.PRJNA182080.fasta	0.0
1312959.PRJNA232079.fasta	0.0
320771.PRJNA20839.fasta	0.0
311403.PRJNA13402.fasta	0.0
1223523.PRJNA188290.fasta	0.0
471853.PRJNA20827.fasta	0.0
1120971.PRJNA185546.fasta	0.0
1303518.PRJEB1573.fasta	0.0
Chlamy37.fasta	4.24549869976956
497964.PRJNA28531.fasta	0.0
290402.PRJNA12637.fasta	0.0
1131730.PRJNA80825.fasta	0.08093915893607262
749927.PRJNA46889.fasta	0.022741670545677984
345341.PRJNA38053.fasta	0.03088483639537124
1365176.PRJNA212068.fasta	0.0
930171.PRJNA20087.fasta	0.0
1050202.PRJNA78921.fasta	0.0
1121342.PRJNA194074.fasta	0.0
LjRoot182.fasta	0.0
519442.PRJNA29305.fasta	0.05447904016786474
3934_AY.fasta	0.0
3823_T.fasta	0.0
485913.PRJNA27943.fasta	0.0
1121353.PRJNA190670.fasta	0.05441001059674575
1120967.PRJNA185542.fasta	0.8159964713666104
1367847.PRJNA212980.fasta	0.0
3823_P.fasta	20.684884369468502
287986.PRJNA244719.fasta	0.08136991821062682
1400520.PRJNA219157.fasta	0.027315284577505445
3934_BF.fasta	1.9321398223116464
1283299.PRJNA186462.fasta	0.08164715855597256
1417988.PRJNA226735.fasta	0.0
350054.PRJNA15760.fasta	0.13613051588838865
LjRoot10.fasta	0.0
1501230.PRJNA246682.fasta	0.08133750021006586
Chlamy76.fasta	0.21767511447838103
315749.PRJNA13624.fasta	0.0
3823_H.fasta	0.027208903992165606
1121272.PRJNA165369.fasta	1.0604546555941539
398527.PRJNA17463.fasta	0.0
1286171.PRJNA187031.fasta	0.0
1292035.PRJNA188694.fasta	0.0
1178482.PRJNA214306.fasta	0.0
1238237.PRJNA176510.fasta	0.0
1038866.PRJNA165325.fasta	0.0
LjRoot101.fasta	1.061657897744943
208439.PRJNA251529.fasta	3.5667632819190214
LjRoot145.fasta	0.0
627192.PRJNA67115.fasta	0.06250994205745104
452662.PRJDA19949.fasta	0.019229330376099016
236814.PRJNA256039.fasta	0.0
1068978.PRJNA173670.fasta	0.21782711477105493
3823_AT.fasta	0.0
1089545.PRJNA165347.fasta	0.0
446462.PRJNA19705.fasta	0.5990074858052915
1206777.PRJNA170013.fasta	0.0
3823_AG.fasta	0.0
394503.PRJNA17419.fasta	0.0
1316927.PRJNA196427.fasta	0.0
743713.PRJNA68653.fasta	6.6116407839797775
759362.PRJNA48079.fasta	0.0
446466.PRJNA19707.fasta	0.0
1120973.PRJNA174171.fasta	0.0
LjRoot74.fasta	0.0
485918.PRJNA27951.fasta	0.0
1298859.PRJNA190816.fasta	4.625846997394151
1121385.PRJNA182401.fasta	0.0
3934_AU.fasta	0.0
196162.PRJNA12738.fasta	0.2676362866187272
479435.PRJNA21089.fasta	0.03186231048851849
Chlamy123.fasta	0.0
1124780.PRJNA182711.fasta	0.5979153492198946
1121362.PRJNA168616.fasta	0.0
443255.PRJNA42475.fasta	0.0
404589.PRJNA17729.fasta	0.0
365046.PRJNA16294.fasta	0.0
1267981.PRJNA232073.fasta	0.3759380505503025
321846.PRJNA245780.fasta	0.0
3823_J.fasta	0.05432850549045186
509635.PRJNA214790.fasta	0.0
3823_AX.fasta	0.0
3823_AE.fasta	0.0
Chlamy176.fasta	0.0
3937_A.fasta	0.0
700508.PRJNA177066.fasta	0.2722610784526938
1217720.PRJNA171724.fasta	0.0
LjNodule212.fasta	1.7144298461690566
979226.PRJNA81617.fasta	0.0
LjRoot15.fasta	0.0
3823_D.fasta	0.0
1429046.PRJNA229768.fasta	0.0
LjRoot162.fasta	0.3537790137301099
3823_Q.fasta	0.5168939448178747
LjRoot71.fasta	0.0
3934_AN.fasta	0.0
3823_K.fasta	3.3208011130606856
Chlamy125.fasta	0.0
290397.PRJNA12634.fasta	0.0
3934_BD.fasta	0.13148048125719525
3934_AA.fasta	0.004475052646981802
1419583.PRJNA227201.fasta	171.60114456927406
LjRoot80.fasta	0.0
Chlamy183.fasta	0.6531547976870519
1449976.PRJNA235190.fasta	0.0
593907.PRJNA33853.fasta	0.0
3823_Z.fasta	0.02710567509405613
LjRoot21.fasta	0.026916140046535322
1131731.PRJNA80827.fasta	0.0
3823_AB.fasta	0.0
3823_AW.fasta	0.0
3823_AL.fasta	0.0
3934_AD.fasta	0.0
926564.PRJNA66563.fasta	0.0
717606.PRJNA49287.fasta	0.10866020952989466
1200352.PRJNA168617.fasta	0.0
1121377.PRJNA183018.fasta	0.0
1380394.PRJNA213782.fasta	0.0
69328.PRJNA178195.fasta	0.027211997939966717
LjRoot11.fasta	0.0
3934_BK.fasta	0.0
LjRoot3.fasta	1.6593106555307466
LjRoot202.fasta	0.0
LjRoot18.fasta	0.0
658612.PRJNA261945.fasta	0.37996469412686695
1120949.PRJNA165359.fasta	0.10642028075333619
1136417.PRJNA169836.fasta	0.0015907582431446549
LjRoot125.fasta	0.0
479432.PRJNA21083.fasta	0.0
1156919.PRJNA86071.fasta	0.026725860142500196
3823_AK.fasta	0.16192196156486754
1120950.PRJNA169810.fasta	0.21674125810885236
Chlamy174.fasta	0.0
3823_AD.fasta	0.8438776856907604
Chlamy187.fasta	1.333679845812708
3823_I.fasta	8.929166501561944
1121033.PRJNA185555.fasta	0.2177447531227443
3823_V.fasta	0.10880035757953375
3934_I.fasta	0.0
694427.PRJNA42009.fasta	0.0
591159.PRJNA33607.fasta	0.0
421531.PRJNA256038.fasta	0.0
1005941.PRJNA171367.fasta	0.027051429231768592
1459636.PRJNA235208.fasta	0.0
3823_AM.fasta	0.0
398511.PRJNA28811.fasta	0.0
1121125.PRJNA188849.fasta	0.0
1121372.PRJNA188856.fasta	0.08139199669134912
LjRoot16.fasta	6.03772739867183
3823_AI.fasta	0.0
3934_D.fasta	0.7754632857729132
3934_S.fasta	0.1773714706222991
1128398.PRJNA79221.fasta	0.08163370457615685
LjRoot129.fasta	0.0
3934_BP.fasta	14.263761630917848
448385.PRJNA28111.fasta	11.734839143735673
479433.PRJNA21085.fasta	0.27226398104202015
219305.PRJNA33595.fasta	8.628068664896162
LjRoot40.fasta	0.0
3823_E.fasta	0.0
469383.PRJNA20745.fasta	0.08165904510337425
926554.PRJNA66373.fasta	0.0
1202532.PRJNA169163.fasta	0.0
1298862.PRJNA190819.fasta	0.0
3934_BX.fasta	0.16335954462505717
Chlamy147.fasta	0.08176157445451468
3934_BW.fasta	0.0
3934_AF.fasta	0.0
3934_Y.fasta	0.0
1120936.PRJNA185238.fasta	0.0544066316781309
3823_AN.fasta	0.0
929712.PRJNA63851.fasta	0.0
Chlamy80.fasta	0.0
1406.PRJNA261104.fasta	0.0
3934_AT.fasta	0.0
525897.PRJNA29527.fasta	0.0
1121288.PRJNA188854.fasta	0.0
Chlamy70.fasta	0.0
LjRoot1.fasta	0.0
1156918.PRJNA86069.fasta	0.0
443143.PRJNA33159.fasta	0.0
709986.PRJNA43461.fasta	0.0
697284.PRJNA42205.fasta	0.0
LjRoot105.fasta	0.0
Chlamy6.fasta	78.75294059073201
LjRoot17.fasta	0.0
LjRoot99.fasta	0.0
LjRoot45.fasta	0.0
LjRoot177.fasta	0.21779803197104508
485917.PRJNA27949.fasta	0.0
421072.PRJNA255518.fasta	0.0
456442.PRJNA18505.fasta	0.0
1441930.PRJNA232738.fasta	0.0
Chlamy165.fasta	0.0
LjRoot44.fasta	0.0
3934_AP.fasta	0.0
444461.PRJNA174173.fasta	0.0
3823_AS.fasta	0.0
1285583.PRJNA186910.fasta	0.0
1048983.PRJNA245774.fasta	0.0
1304866.PRJNA195881.fasta	0.0
3823_AJ.fasta	0.0
Chlamy7.fasta	0.0
3934_M.fasta	0.0
LjRoot70.fasta	0.05449508571948927
446465.PRJNA17026.fasta	0.0
3934_AZ.fasta	0.02709621779531964
357809.PRJNA16184.fasta	0.0
Chlamy90.fasta	0.0
Chlamy107.fasta	0.0
1150621.PRJNA84417.fasta	0.0
1089549.PRJNA86067.fasta	0.0
404380.PRJNA17707.fasta	0.0
756067.PRJNA47601.fasta	0.0
1408254.PRJNA223198.fasta	0.0
69222.PRJNA238419.fasta	0.0
106592.PRJNA247817.fasta	0.0
1121346.PRJNA182399.fasta	0.0
253839.PRJNA33601.fasta	3.389075929289156
3937_Y.fasta	0.13565050758993838
591158.PRJNA33599.fasta	0.0
1285586.PRJNA186959.fasta	0.0
762903.PRJNA49337.fasta	0.0
1295141.PRJNA189715.fasta	0.10868102403871559
Chlamy44.fasta	0.0
LjRoot51.fasta	0.0
324057.PRJNA20399.fasta	0.0
307480.PRJNA255945.fasta	0.027223815846010142
Chlamy82.fasta	0.0
LjRoot117.fasta	0.2721831568490901
1150864.PRJNA84455.fasta	0.10876592175842609
Chlamy182.fasta	0.0
1096756.PRJNA208966.fasta	0.054269055751420235
405948.PRJEA18489.fasta	0.0
LjRoot153.fasta	0.5351114388433393
1380763.PRJNA238415.fasta	0.034754436538760904
LjRoot149.fasta	0.08171368030467668
Chlamy26.fasta	0.0
1121926.PRJNA188906.fasta	0.0
Chlamy135.fasta	0.0
3934_AO.fasta	0.0
Chlamy13.fasta	0.0
487316.PRJDB1754.fasta	0.0
LjRoot194.fasta	0.0
1345695.PRJNA217481.fasta	0.0
43759.PRJNA238534.fasta	0.0
3934_Z.fasta	0.0
1927.PRJNA242829.fasta	0.0
445961.PRJNA255943.fasta	0.0
3934_B.fasta	0.0
1214102.PRJNA170443.fasta	0.0
LjRoot143.fasta	0.0
3934_BA.fasta	0.0
3823_G.fasta	7.809344837502383
1217715.PRJNA183332.fasta	0.0
1038862.PRJNA170887.fasta	0.0
1246995.PRJNA178199.fasta	0.0
684949.PRJNA157079.fasta	0.0
3934_K.fasta	1.6053692000453632
1120985.PRJNA188816.fasta	0.0
323098.PRJNA13474.fasta	8.376490589763419
LjRoot90.fasta	0.7170472649484025
1174504.PRJNA159255.fasta	0.0
935543.PRJNA169686.fasta	0.0
LjRoot29.fasta	0.0
1041930.PRJNA73221.fasta	0.0
1523621.PRJNA255748.fasta	0.0
Phoma_radicina_MPI-SP2-AT-0466.contigs.fasta	0.003116541621648864
Aspergillus_fumigatus_MPI-SW4-AT-0569.contigs.fasta	0.01656525602947858
Phialocephala_fortinii_MPI-SW4-AT-0651.contigs.fasta	0.13193440712743634
Sarocladium_strictum_MPI-IT2-AT-0306.contigs.fasta	0.022945090689168696
Penicillium_crustosum_MPI-IT2-AT-0321.contigs.fasta	0.030842947447006382
Pyrenochaeta_lycopersici_MPI-FR1-AT-0381.contigs.fasta	0.045698267198876784
Peyronellaea_curtisii_MPI-SP2-AT-0415.contigs.fasta	0.2103273647340147
Fusarium_oxysporum_MPI-CAGE-CH-0226.contigs.fasta	0.06739221059326791
Talaromyces_verruculosus_MPI-SP2-AT-0411.contigs.fasta	0.03627866942911593
Penicillium_canescens_MPI-SW4-AT-0573.contigs.fasta	0.004276916317855325
Phoma_selaginellicola_MPI-SW4-AT-0584.contigs.fasta	0.03899441690902898
Cylindrocarpon_pauciseptatum_MPI-SP2-AT-0468.contigs.fasta	0.038651018116897855
Verticillium_dahliae_MPI-FR1-AT-0353.contigs.fasta	0.09474556705984975
Alternaria_tenuis_MPI-SDFR-AT-0071.contigs.fasta	0.7369761882268343
Fusarium_oxysporum_MPI-CAGE-AT-0013.contigs.fasta	0.24481618211249798
Fusarium_redolens_MPI-CAGE-CH-0216.contigs.fasta	0.0009477641598915903
Fusarium_oxysporum_MPI-FR1-AT-0335.contigs.fasta	0.07703247956303079
Fusarium_oxysporum_MPI-IT2-AT-0302.contigs.fasta	0.12134969278565927
Cladosporium_rectoides_MPI-GEGE-AT-0032.contigs.fasta	0.11650734627340885
Gibellulopsis_nigrescens_MPI-SP2-AT-0410.contigs.fasta	1.3495746846124015
Metacordyceps_chlamydosporia_MPI-IT2-AT-0323.contigs.fasta	0.1234046878616239
Ochroconis_tshawytschae_MPI-SP2-AT-0416.contigs.fasta	0.009911860137354955
Phomopsis_columnaris_MPI-SP2-AT-0504.contigs.fasta	0.011936704539026852
Umbelopsis_autotrophica_MPI-SW4-AT-0611.contigs.fasta	0.0026601714623527457
Embellisia_chlamydospora_MPI-FR1-AT-0336.contigs.fasta	0.09925409667897253
Fusarium_oxysporum_MPI-PUGE-AT-0057.contigs.fasta	0.03715525751295288
Phialocephala_fortinii_MPI-SW4-AT-0551.contigs.fasta	0.0007582063427816743
Phaeosphaeria_eustoma_MPI-FR1-AT-0339.contigs.fasta	0.14721461644353784
Penicillium_restrictum_MPI-SP2-AT-0405.contigs.fasta	0.8526492362020961
Truncatella_angustata_MPI-SW4-AT-0541.contigs.fasta	0.15414261641995572
Fusarium_oxysporum_MPI-SP2-AT-0407.contigs.fasta	0.18799577610208965
Macrophomina_phaseolina_MPI-FR1-AT-0330.contigs.fasta	0.002049445012852326
Rhizopycnis_vagum_MPI-FR1-AT-0346.contigs.fasta	0.006551740207810327
Phaeosphaeria_eustoma_MPI-SP2-AT-0401.contigs.fasta	0.005317855436081596
Sporobolomyces_sasicola_MPI-IT2-AT-0310.contigs.fasta	0.10503799988323625
Paraphoma_chrysanthemicola_MPI-SDFR-AT-0093.contigs.fasta	0.005936032520202345
Plectosphaerella_cucumerina_MPI-SP2-AT-0455.contigs.fasta	0.001820246221846424
Neonectria_radicicola_MPI-CAGE-CH-0236.contigs.fasta	0.39553799251631816
Cryptosporiopsis_ericae_MPI-SW4-AT-0549.contigs.fasta	0.041149492699025736
Leptodontidium_orchidicola_MPI-SW4-AT-0643.contigs.fasta	0.03508401099461837
Myrothecium_cinctum_MPI-SP2-AT-0408.contigs.fasta	0.01760374099861596
Macrophomina_phaseolina_MPI-SDFR-AT-0085.contigs.fasta	0.5832062350730628
Ilyonectria_macrodidyma_MPI-GEGE-AT-0033.contigs.fasta	0.02652087713771275
Fusarium_falciforme_MPI-IT2-AT-0322.contigs.fasta	0.011443997167730008
Hypocrea_atroviridis_MPI-SP2-AT-0434.contigs.fasta	0.10937578070306836
Fusarium_equiseti_MPI-CAGE-CH-0233.contigs.fasta	0.002191511653086509
Phoma_exigua_MPI-PUGE-AT-0052.contigs.fasta	0.02214121284794582
Sarocladium_strictum_MPI-SWE4-AT-0554.contigs.fasta	0.005742240646441794
Fusarium_torulosum_MPI-SDFR-AT-0089.contigs.fasta	0.04906324418800436
Paraphoma_chrysanthemicola_MPI-SDFR-AT-0118.contigs.fasta	0.09641357802676798
Plectosphaerella_cucumerina_MPI-FR1-AT-0340.contigs.fasta	0.01921922865207775
Embellisia_chlamydospora_MPI-SP2-AT-0402.contigs.fasta	0.003987529597608845
Plectosphaerella_cucumerina_MPI-SP2-AT-0421.contigs.fasta	0.022776764926950955
Fusarium_falciforme_MPI-FR1-AT-0333.contigs.fasta	0.008514245619561964
Phomopsis_columnaris_MPI-SW4-AT-0540.contigs.fasta	0.08568460737677248
GCF_000001735.4_TAIR10.1_genomic.fasta	0.2752400432681466
RNODE_416_length_1581_cov_3.82938.fasta	294.80436177036563
RNODE_217_length_2598_cov_4.83502.fasta	97.01086956521739
RNODE_138_length_6510_cov_13.48012.fasta	142.64796547472255
RNODE_325_length_1939_cov_27.67762.fasta	82.15962441314554
RNODE_124_length_1415_cov_2.71141.fasta	62.23977027997128
RNODE_369_length_4633_cov_7.61375.fasta	0.3903708523096942
RNODE_317_length_2062_cov_4.66471.fasta	2.6470588235294117
RNODE_76_length_3393_cov_4.30851.fasta	34.084841293384756
RNODE_548_length_4577_cov_9.61395.fasta	33.749164624638006
RNODE_375_length_2518_cov_4.10497.fasta	35.33653846153846
RNODE_347_length_5424_cov_5.89171.fasta	14.050351721584597
RNODE_296_length_1799_cov_6.54699.fasta	14.687675858187957
RNODE_196_length_1935_cov_38.48772.fasta	9.09566126502875
RNODE_286_length_1588_cov_4.62324.fasta	8.237547892720306
RNODE_264_length_2217_cov_3.64237.fasta	0.2733485193621868
RNODE_577_length_7056_cov_38.11425.fasta	19.509412435824302
RNODE_570_length_2044_cov_6.96707.fasta	10.276073619631902
RNODE_488_length_20029_cov_34.82594.fasta	5.404053039779835
RNODE_71_length_2272_cov_3.05244.fasta	7.333333333333333
RNODE_198_length_2135_cov_8.85376.fasta	11.784193090392806
RNODE_477_length_5419_cov_20.61131.fasta	4.819727255744442
RNODE_247_length_8256_cov_14.85123.fasta	13.444255525868352
RNODE_260_length_1690_cov_3.39508.fasta	14.928057553956835
RNODE_28_length_2156_cov_6.27835.fasta	6.044985941893159
RNODE_34_length_5214_cov_5.85112.fasta	0.34668721109399075
RNODE_85_length_1577_cov_8.00900.fasta	2.122186495176849
RNODE_529_length_1514_cov_4.48325.fasta	3.877551020408163
RNODE_275_length_3412_cov_8.48584.fasta	0.26548672566371684
RNODE_412_length_3243_cov_51.13691.fasta	16.11300838248991
RNODE_83_length_6134_cov_3.71057.fasta	2.7977748691099475
RNODE_373_length_1497_cov_5.24000.fasta	7.11864406779661
RNODE_144_length_2325_cov_4.38472.fasta	1.302648719062093
RNODE_575_length_2552_cov_5.49684.fasta	0.5980861244019139
RNODE_433_length_2054_cov_26.46352.fasta	1.791044776119403
RNODE_295_length_10931_cov_11.99890.fasta	0.0
RNODE_140_length_2497_cov_5.86303.fasta	0.0
RNODE_499_length_5376_cov_7.50141.fasta	4.782445611402851
RNODE_130_length_2230_cov_8.22328.fasta	11.141304347826088
RNODE_299_length_1525_cov_5.32402.fasta	1.1976047904191616
RNODE_86_length_2125_cov_11.11507.fasta	1.7118402282453637
RNODE_164_length_3484_cov_4.58781.fasta	0.5199306759098787
RNODE_188_length_3578_cov_152.10292.fasta	2.277840269966254
RNODE_160_length_1746_cov_3.90255.fasta	0.0
RNODE_226_length_3315_cov_75.69511.fasta	6.194959003947768
RNODE_486_length_2116_cov_5.68150.fasta	1.9230769230769231
RNODE_223_length_2107_cov_5.74724.fasta	0.0
RNODE_45_length_2213_cov_3.74441.fasta	1.0953902327704244
RNODE_145_length_1547_cov_6.91082.fasta	1.180327868852459
RNODE_99_length_1369_cov_5.25687.fasta	1.55902004454343
RNODE_216_length_15421_cov_6.49724.fasta	0.8377167348529125
RNODE_406_length_2395_cov_90.64012.fasta	0.0
RNODE_572_length_1964_cov_10.71878.fasta	0.7903055848261328
RNODE_514_length_7618_cov_5.62957.fasta	0.0
RNODE_292_length_1675_cov_7.61464.fasta	0.9074410163339383
RNODE_352_length_10296_cov_22.51324.fasta	1.0219972746739343
RNODE_167_length_15660_cov_7.41802.fasta	1.17022637165878
RNODE_23_length_1998_cov_572.28391.fasta	0.30364372469635625
RNODE_344_length_2191_cov_2.64592.fasta	0.8298755186721992
RNODE_482_length_12608_cov_5.40546.fasta	2.387774594078319
RNODE_579_length_8791_cov_4.68076.fasta	0.0
RNODE_599_length_1516_cov_6.51991.fasta	0.0
RNODE_458_length_1682_cov_17.95957.fasta	0.18564356435643564
RNODE_519_length_4527_cov_27.40475.fasta	2.141423154137854
RNODE_353_length_1966_cov_4.24691.fasta	0.46296296296296297
RNODE_552_length_2139_cov_25.28849.fasta	1.5751789976133652
RNODE_75_length_1697_cov_2.91164.fasta	2.5074626865671643
RNODE_174_length_2429_cov_2.88035.fasta	1.1217282924802658
RNODE_517_length_2527_cov_12.78156.fasta	0.0
RNODE_316_length_1479_cov_156.07138.fasta	0.0
RNODE_47_length_2124_cov_4.45100.fasta	0.0
RNODE_112_length_5666_cov_6.47909.fasta	1.0630758327427356
RNODE_221_length_2696_cov_7.95138.fasta	0.0
RNODE_306_length_4235_cov_12.16734.fasta	0.21362449560882982
RNODE_297_length_1810_cov_21.16499.fasta	0.33557046979865773
RNODE_178_length_3618_cov_3.32119.fasta	0.3337041156840934
RNODE_257_length_1602_cov_16.93671.fasta	0.379746835443038
RNODE_507_length_1987_cov_46.05898.fasta	0.30880082346886256
RNODE_103_length_2852_cov_4.11378.fasta	0.21201413427561838
RNODE_238_length_3219_cov_2.87332.fasta	0.09383797309978105
RNODE_446_length_1542_cov_16.88168.fasta	0.2032520325203252
RNODE_403_length_4059_cov_880.62621.fasta	0.0
RNODE_419_length_1879_cov_8.64082.fasta	5.4927302100161555
RNODE_63_length_9116_cov_7.17902.fasta	0.0
RNODE_363_length_5653_cov_18.32623.fasta	0.0
RNODE_379_length_1435_cov_1.62350.fasta	0.21231422505307856
RNODE_377_length_2313_cov_34.45308.fasta	0.13094718463553034
RNODE_480_length_1461_cov_9.87912.fasta	0.2117148906139732
RNODE_161_length_2494_cov_2.64806.fasta	0.12135922330097088
RNODE_185_length_1556_cov_2.93481.fasta	0.19556714471968709
RNODE_77_length_2624_cov_7.14989.fasta	0.23059185242121444
RNODE_284_length_8760_cov_7.25395.fasta	0.1373311970702678
RNODE_430_length_8758_cov_13.30595.fasta	0.10433572919081846
RNODE_236_length_2297_cov_5.75912.fasta	0.13186813186813187
RNODE_586_length_6115_cov_7.69537.fasta	0.09883050568275407
RNODE_450_length_11970_cov_105.70786.fasta	0.0
RNODE_595_length_1522_cov_10.57355.fasta	0.2029769959404601
RNODE_96_length_2623_cov_16.26144.fasta	0.0
RNODE_210_length_2651_cov_13.95131.fasta	0.0
RNODE_578_length_7436_cov_10.94682.fasta	2.727272727272727
RNODE_162_length_1832_cov_1.88784.fasta	0.0
RNODE_253_length_4934_cov_14.39047.fasta	0.0
RNODE_237_length_4009_cov_52.34788.fasta	0.07524454477050414
RNODE_385_length_2039_cov_10.22707.fasta	0.0
RNODE_4_length_1367_cov_2.97100.fasta	0.0
RNODE_351_length_2392_cov_6.50928.fasta	0.0
RNODE_580_length_4156_cov_8.38751.fasta	0.07295719844357977
RNODE_391_length_2002_cov_3.45556.fasta	0.0
RNODE_457_length_1464_cov_36.37055.fasta	0.0
RNODE_427_length_9830_cov_4.30470.fasta	0.030656039239730228
RNODE_508_length_1879_cov_11.34540.fasta	0.0
RNODE_593_length_8426_cov_4.28144.fasta	0.07158196134574088
RNODE_333_length_29512_cov_5.09183.fasta	0.0508646998982706
RNODE_211_length_1756_cov_5.39677.fasta	0.0
RNODE_204_length_1584_cov_1.63444.fasta	0.0
RNODE_484_length_2351_cov_3.78450.fasta	0.0
RNODE_143_length_3260_cov_5.42156.fasta	0.0
RNODE_506_length_4092_cov_6.23826.fasta	0.0
RNODE_219_length_1344_cov_3.84720.fasta	0.0
RNODE_88_length_5256_cov_29.93752.fasta	0.0
RNODE_558_length_8065_cov_7.29220.fasta	0.037608123354644606
RNODE_181_length_5163_cov_13.91578.fasta	0.0
RNODE_590_length_2199_cov_166.16738.fasta	0.0
RNODE_242_length_3657_cov_7.66465.fasta	0.0
RNODE_52_length_1655_cov_3.75934.fasta	0.0
RNODE_95_length_4335_cov_11.95711.fasta	0.0
RNODE_281_length_3634_cov_4.76523.fasta	0.0
RNODE_289_length_4454_cov_4.54626.fasta	0.0
RNODE_504_length_4144_cov_7.77525.fasta	0.0
RNODE_387_length_2321_cov_4.37973.fasta	0.0
RNODE_2_length_1508_cov_3.94751.fasta	0.0
RNODE_549_length_12275_cov_6.55509.fasta	0.0
RNODE_424_length_1604_cov_9.07185.fasta	0.0
RNODE_328_length_1676_cov_7.54655.fasta	0.0
RNODE_501_length_1656_cov_38.89942.fasta	0.0
RNODE_348_length_2291_cov_3.76025.fasta	0.0
RNODE_448_length_1719_cov_7.88578.fasta	0.0
RNODE_319_length_1321_cov_2.32409.fasta	0.0
RNODE_437_length_3085_cov_98.66641.fasta	0.09865175928970733
RNODE_6_length_1955_cov_9.45784.fasta	0.0
RNODE_472_length_3177_cov_4.87929.fasta	0.0
RNODE_490_length_2089_cov_29.26998.fasta	0.0
RNODE_301_length_8746_cov_4.36474.fasta	0.0
RNODE_182_length_2608_cov_41.99343.fasta	0.0
RNODE_119_length_2367_cov_7.70704.fasta	0.0
RNODE_397_length_1629_cov_18.92533.fasta	0.0
RNODE_312_length_1648_cov_2.63653.fasta	0.0
RNODE_69_length_2867_cov_5.28717.fasta	0.0
RNODE_597_length_13838_cov_20.78765.fasta	0.0
RNODE_104_length_5057_cov_12.80755.fasta	0.17874875868917578
RNODE_520_length_3075_cov_27.97119.fasta	0.0
RNODE_538_length_1336_cov_10.45341.fasta	0.0
RNODE_72_length_2497_cov_7.54950.fasta	0.0
RNODE_380_length_3873_cov_34.07037.fasta	0.0
RNODE_330_length_1588_cov_2.46424.fasta	0.0
RNODE_268_length_9216_cov_4.69600.fasta	0.0
RNODE_163_length_2924_cov_26.52619.fasta	0.0
RNODE_298_length_4113_cov_5.23857.fasta	0.0
RNODE_304_length_2403_cov_7.18396.fasta	0.0
RNODE_213_length_2939_cov_7.79705.fasta	0.0
RNODE_550_length_2556_cov_54.05540.fasta	0.0
RNODE_151_length_1644_cov_3.51048.fasta	0.0
RNODE_7_length_4555_cov_11.97220.fasta	0.13236267372600927
RNODE_500_length_1680_cov_27.45896.fasta	0.0
RNODE_300_length_4019_cov_4.97498.fasta	0.0
RNODE_208_length_1614_cov_5.26633.fasta	0.0
RNODE_378_length_1492_cov_8.56599.fasta	0.0
RNODE_495_length_2750_cov_9.86766.fasta	0.0
RNODE_327_length_1948_cov_35.31308.fasta	0.0
RNODE_271_length_3998_cov_11.67404.fasta	0.0
RNODE_222_length_1915_cov_3.09562.fasta	0.15847860538827258
RNODE_255_length_1540_cov_6.64690.fasta	0.0
RNODE_414_length_1523_cov_18.59893.fasta	0.0
RNODE_331_length_2739_cov_8.16194.fasta	0.0
RNODE_201_length_2438_cov_4.66846.fasta	0.0
RNODE_389_length_1545_cov_18.59160.fasta	0.0
RNODE_399_length_2276_cov_6.18101.fasta	0.0
RNODE_176_length_1549_cov_36.55206.fasta	0.0
RNODE_547_length_3725_cov_47.04079.fasta	0.08149959250203749
RNODE_239_length_2392_cov_75.72363.fasta	0.12658227848101267
RNODE_492_length_1548_cov_6.84136.fasta	0.0
RNODE_357_length_1732_cov_5.71053.fasta	0.0
RNODE_129_length_1566_cov_26.20790.fasta	0.0
RNODE_453_length_1486_cov_93.02213.fasta	0.0
RNODE_184_length_2456_cov_5.89523.fasta	0.0
RNODE_288_length_3164_cov_59.95449.fasta	0.0
RNODE_152_length_11535_cov_8.34205.fasta	0.0
RNODE_402_length_1846_cov_2.27906.fasta	0.0
RNODE_460_length_2629_cov_18.40010.fasta	0.0
RNODE_598_length_2095_cov_11.12130.fasta	0.0
RNODE_282_length_2526_cov_38.05351.fasta	0.0
RNODE_280_length_5088_cov_4.43328.fasta	0.0
RNODE_358_length_1590_cov_1.68367.fasta	1.721938775510204
RNODE_365_length_1432_cov_3.86525.fasta	0.0
RNODE_591_length_3620_cov_70.16410.fasta	0.08389261744966443
RNODE_261_length_5536_cov_4.10881.fasta	0.0
RNODE_101_length_1372_cov_7.49556.fasta	0.0
RNODE_302_length_1793_cov_4.21739.fasta	0.0
RNODE_426_length_2252_cov_11.50083.fasta	0.1358695652173913
RNODE_165_length_1669_cov_2.37887.fasta	0.0
RNODE_384_length_4213_cov_12.53305.fasta	0.0
RNODE_555_length_2155_cov_6.40249.fasta	0.0
RNODE_12_length_1515_cov_4.22907.fasta	0.0
RNODE_553_length_2015_cov_11.90704.fasta	0.15220700152207
RNODE_195_length_1761_cov_3.04140.fasta	0.0
RNODE_326_length_1765_cov_55.82043.fasta	0.0
RNODE_287_length_2601_cov_28.03218.fasta	0.0
RNODE_3_length_2132_cov_9.73460.fasta	0.2843601895734597
RNODE_256_length_3265_cov_29.43355.fasta	0.0
RNODE_27_length_9272_cov_4.89762.fasta	0.0
RNODE_274_length_1504_cov_11.90756.fasta	0.0
RNODE_571_length_1509_cov_5.57472.fasta	0.20477815699658702
RNODE_573_length_3100_cov_6.78384.fasta	0.29880478087649404
RNODE_594_length_1666_cov_5.29552.fasta	2.219482120838471
RNODE_8_length_2730_cov_5.02585.fasta	0.0
RNODE_270_length_5234_cov_7.75671.fasta	0.0
RNODE_502_length_2205_cov_11.49694.fasta	0.0
RNODE_70_length_1980_cov_24.25332.fasta	0.0
RNODE_128_length_2643_cov_8.66196.fasta	0.11446012972148036
RNODE_494_length_2579_cov_7.85352.fasta	0.0
RNODE_469_length_3055_cov_6.28858.fasta	0.0
RNODE_197_length_5069_cov_3.76758.fasta	0.17832375668714087
RNODE_87_length_5673_cov_23.00212.fasta	0.0
RNODE_84_length_1477_cov_11.65155.fasta	0.0
RNODE_199_length_3758_cov_10.79550.fasta	0.0
RNODE_376_length_2653_cov_7.05093.fasta	0.0
RNODE_9_length_1992_cov_4.69492.fasta	0.0
RNODE_59_length_7149_cov_6.99495.fasta	0.0
RNODE_543_length_8600_cov_5.33630.fasta	0.0
RNODE_568_length_4215_cov_4.24868.fasta	0.0
RNODE_19_length_30312_cov_10.20690.fasta	0.0
RNODE_118_length_1774_cov_2.07534.fasta	0.0
RNODE_345_length_2889_cov_34.12033.fasta	0.0
RNODE_212_length_4097_cov_3.86528.fasta	0.0
RNODE_252_length_2412_cov_8.03222.fasta	0.0
RNODE_449_length_3981_cov_10.04107.fasta	0.0
RNODE_233_length_1740_cov_3.83120.fasta	0.0
RNODE_382_length_1274_cov_6.08626.fasta	0.0
RNODE_169_length_2014_cov_4.86797.fasta	0.0
RNODE_230_length_2858_cov_5.31312.fasta	0.0
RNODE_574_length_2604_cov_12.49740.fasta	0.0
RNODE_203_length_1708_cov_4.32029.fasta	0.0
RNODE_332_length_1624_cov_3.94382.fasta	0.0
RNODE_43_length_1562_cov_5.51818.fasta	0.19480519480519481
RNODE_503_length_17293_cov_6.40561.fasta	0.0
RNODE_566_length_1455_cov_10.94416.fasta	0.0
RNODE_461_length_26656_cov_11.43708.fasta	0.21418908762964076
RNODE_183_length_2196_cov_14.40984.fasta	0.0
RNODE_30_length_2201_cov_7.76228.fasta	0.0
RNODE_97_length_2902_cov_3.95799.fasta	0.0
RNODE_206_length_1596_cov_53.17090.fasta	0.1905972045743329
RNODE_157_length_9240_cov_11.70069.fasta	0.0
RNODE_121_length_10870_cov_30.65219.fasta	0.16592920353982302
RNODE_272_length_2015_cov_5.10035.fasta	0.0
RNODE_511_length_2859_cov_7.60477.fasta	0.0
RNODE_546_length_1712_cov_11.02048.fasta	0.0
RNODE_510_length_1545_cov_4.91248.fasta	0.0
RNODE_80_length_5133_cov_7.08687.fasta	0.0
RNODE_556_length_34387_cov_8.27811.fasta	0.0
RNODE_335_length_1478_cov_2.76786.fasta	0.0
RNODE_202_length_2300_cov_3.80773.fasta	0.0
RNODE_192_length_7636_cov_18.62687.fasta	0.0
RNODE_395_length_1428_cov_3.92319.fasta	0.0
RNODE_131_length_3521_cov_17.22578.fasta	0.0
RNODE_172_length_2223_cov_6.95729.fasta	0.0
RNODE_398_length_3296_cov_5.67929.fasta	0.0916310323762981
RNODE_20_length_3323_cov_4.22024.fasta	0.0
RNODE_569_length_1759_cov_4.34949.fasta	0.0
RNODE_421_length_4705_cov_4.03310.fasta	0.0
RNODE_533_length_2589_cov_10.83519.fasta	0.0
RNODE_581_length_1595_cov_4.44509.fasta	0.0
RNODE_231_length_5311_cov_4.30176.fasta	0.0
RNODE_401_length_5038_cov_52.89115.fasta	0.05980861244019139
RNODE_177_length_3051_cov_8.18455.fasta	0.0
RNODE_209_length_3433_cov_79.37027.fasta	0.0
RNODE_445_length_2035_cov_5.02735.fasta	0.0
RNODE_115_length_1563_cov_5.85918.fasta	0.0
RNODE_82_length_2481_cov_3.36397.fasta	0.12200081333875559
RNODE_102_length_8268_cov_3.53650.fasta	0.03638127577007034
RNODE_422_length_2556_cov_6.56672.fasta	0.11942675159235669
RNODE_132_length_8354_cov_2.98896.fasta	0.0
RNODE_405_length_1632_cov_8.96149.fasta	0.18633540372670807
RNODE_44_length_6101_cov_2.97384.fasta	0.0
RNODE_567_length_2043_cov_21.53474.fasta	0.1534526854219949
RNODE_340_length_1678_cov_17.80556.fasta	0.0
RNODE_136_length_1758_cov_14.12385.fasta	0.0
RNODE_42_length_6009_cov_12.62369.fasta	0.0
RNODE_409_length_1368_cov_5.05646.fasta	0.0
RNODE_525_length_3666_cov_9.03954.fasta	0.0
RNODE_175_length_2761_cov_19.02118.fasta	0.0
RNODE_191_length_4523_cov_9.06065.fasta	0.0
RNODE_46_length_1611_cov_3.70422.fasta	0.0
RNODE_245_length_4357_cov_37.67935.fasta	0.0
RNODE_478_length_1307_cov_169.80266.fasta	0.2375296912114014
RNODE_438_length_14517_cov_4.70775.fasta	0.0
RNODE_370_length_1832_cov_7.75801.fasta	0.0
RNODE_190_length_2372_cov_3.90340.fasta	0.0
RNODE_155_length_2531_cov_7.75129.fasta	0.0
RNODE_273_length_1300_cov_2.30673.fasta	0.0
RNODE_168_length_1728_cov_6.59379.fasta	0.0
RNODE_186_length_2504_cov_28.93916.fasta	0.0
RNODE_388_length_2936_cov_27.70796.fasta	0.0
RNODE_21_length_1619_cov_4.64433.fasta	0.0
RNODE_232_length_21840_cov_9.43432.fasta	0.0
RNODE_447_length_1716_cov_15.11213.fasta	0.0
RNODE_441_length_2686_cov_18.21714.fasta	0.0
RNODE_356_length_2244_cov_4.44644.fasta	0.0
RNODE_561_length_1583_cov_3.83769.fasta	0.5847953216374269
RNODE_262_length_4000_cov_14.35495.fasta	0.07541478129713423
RNODE_113_length_2920_cov_5.66563.fasta	0.0
RNODE_16_length_2729_cov_73.58182.fasta	0.0
RNODE_321_length_5296_cov_10.18297.fasta	0.0
RNODE_81_length_1318_cov_3.55864.fasta	0.0
RNODE_413_length_3069_cov_3.80768.fasta	0.5907449950771251
RNODE_465_length_2281_cov_5.29996.fasta	0.0
RNODE_349_length_1558_cov_4.95117.fasta	0.0
RNODE_410_length_2558_cov_5.74172.fasta	0.0
RNODE_588_length_1894_cov_3.77861.fasta	0.0
RNODE_545_length_2037_cov_103.39869.fasta	0.0
RNODE_250_length_5534_cov_8.34289.fasta	0.0
RNODE_475_length_9205_cov_9.11194.fasta	0.0
RNODE_123_length_2054_cov_30.18504.fasta	0.44291338582677164
RNODE_269_length_3926_cov_5.29021.fasta	0.0
RNODE_505_length_8295_cov_9.15006.fasta	0.0
RNODE_334_length_1555_cov_5.92107.fasta	0.0
RNODE_267_length_1450_cov_3.70798.fasta	0.0
RNODE_141_length_2345_cov_22.92639.fasta	0.5165733964700818
RNODE_303_length_2852_cov_2.02615.fasta	0.0
RNODE_452_length_1435_cov_89.39445.fasta	0.0
RNODE_39_length_2309_cov_8.39790.fasta	0.0
RNODE_592_length_3754_cov_6.59927.fasta	0.0
RNODE_29_length_2138_cov_51.39745.fasta	0.0
RNODE_26_length_2149_cov_3.97038.fasta	0.0
RNODE_11_length_2136_cov_9.27578.fasta	0.0
RNODE_313_length_7631_cov_9.92207.fasta	0.03942699434879748
RNODE_194_length_1274_cov_1.74441.fasta	0.0
RNODE_135_length_2376_cov_3.88445.fasta	0.0
RNODE_244_length_5333_cov_28.75937.fasta	0.0
RNODE_117_length_1506_cov_6.97170.fasta	0.0
RNODE_1_length_6898_cov_7.60442.fasta	0.0
RNODE_535_length_1698_cov_14.80778.fasta	0.0
RNODE_278_length_7999_cov_5.67456.fasta	0.0
RNODE_215_length_3095_cov_6.61373.fasta	0.097624471200781
RNODE_589_length_1668_cov_40.93320.fasta	0.0
RNODE_554_length_6559_cov_5.96604.fasta	0.0
RNODE_58_length_3492_cov_8.06052.fasta	0.0
RNODE_64_length_2498_cov_2.19628.fasta	0.0
RNODE_489_length_2151_cov_58.40979.fasta	0.0
RNODE_170_length_2572_cov_18.40510.fasta	0.0
RNODE_371_length_3091_cov_4.47833.fasta	0.0
RNODE_536_length_2671_cov_5.65343.fasta	0.0
RNODE_582_length_6266_cov_6.90437.fasta	0.48559404337973455
RNODE_305_length_1545_cov_4.08273.fasta	0.1969796454366382
RNODE_285_length_1358_cov_4.40719.fasta	0.0
RNODE_542_length_2159_cov_35.95760.fasta	0.0
RNODE_66_length_2707_cov_5.26741.fasta	0.0
RNODE_249_length_1595_cov_4.08837.fasta	0.0
RNODE_179_length_3165_cov_11.18263.fasta	0.19090041361756283
RNODE_148_length_1828_cov_3.97398.fasta	0.33222591362126247
RNODE_454_length_3059_cov_7.56632.fasta	0.0
RNODE_329_length_4403_cov_3.14905.fasta	2.3282355626569275
RNODE_471_length_2314_cov_27.32580.fasta	0.2669039145907473
RNODE_467_length_4285_cov_163.04211.fasta	0.1437125748502994
RNODE_120_length_2282_cov_6.07257.fasta	0.0
RNODE_153_length_2931_cov_9.80406.fasta	0.0
RNODE_105_length_62790_cov_25.15822.fasta	0.0
RNODE_541_length_5933_cov_6.74656.fasta	0.0
RNODE_35_length_2870_cov_3.96032.fasta	0.0
RNODE_516_length_4468_cov_33.78336.fasta	0.0
RNODE_240_length_12811_cov_7.14481.fasta	0.0
RNODE_246_length_2482_cov_3.42358.fasta	0.0
RNODE_22_length_7302_cov_3.23613.fasta	0.0
RNODE_241_length_10461_cov_3.82000.fasta	0.11495353961107385
RNODE_13_length_1938_cov_15.43946.fasta	0.15657620041753653
RNODE_92_length_2810_cov_4.09613.fasta	0.0
RNODE_53_length_5801_cov_10.05503.fasta	0.46720885966430176
RNODE_49_length_2149_cov_5.34556.fasta	0.0
RNODE_61_length_7669_cov_5.82281.fasta	0.0
RNODE_276_length_1745_cov_5.73070.fasta	0.17411491584445735
RNODE_596_length_1535_cov_4.05353.fasta	0.0
RNODE_483_length_2623_cov_9.08778.fasta	0.0
RNODE_526_length_2764_cov_10.07362.fasta	0.0
RNODE_293_length_11038_cov_5.01480.fasta	0.2178649237472767
RNODE_57_length_1642_cov_4.22716.fasta	0.18518518518518517
RNODE_214_length_1765_cov_3.24842.fasta	0.0
RNODE_189_length_1548_cov_4.91153.fasta	0.0
RNODE_466_length_2414_cov_22.47806.fasta	0.0
RNODE_473_length_2154_cov_104.90849.fasta	0.0
RNODE_41_length_1982_cov_209.61480.fasta	0.0
RNODE_425_length_1554_cov_17.16795.fasta	0.0
RNODE_463_length_2242_cov_48.39465.fasta	0.0
RNODE_37_length_1566_cov_13.53497.fasta	0.0
RNODE_111_length_2230_cov_3.84239.fasta	0.0
RNODE_106_length_1583_cov_3.49519.fasta	0.0
RNODE_79_length_2421_cov_3.19008.fasta	0.0
RNODE_187_length_2669_cov_7.35323.fasta	0.0
RNODE_15_length_2057_cov_7.49140.fasta	0.0
RNODE_354_length_3591_cov_3.85010.fasta	0.0
RNODE_310_length_7241_cov_7.51586.fasta	0.0
RNODE_51_length_2136_cov_5.31315.fasta	0.0
LjRoot170.fasta	7.867431326522629
LjRoot62.fasta	0.9830089564326613
LjRoot139.fasta	0.0
3823_R.fasta	0.0
3823_AP.fasta	0.0
LjRoot150.fasta	0.0
LjRoot84.fasta	6.465901106638288
LjRoot130.fasta	0.0
LjRoot175.fasta	0.0
LjRoot103.fasta	0.4884596223116875
LjRoot176.fasta	0.46334368406664656
LjRoot66.fasta	0.0
LjRoot109.fasta	10.19549887844944
LjRoot187.fasta	0.0
LjRoot181.fasta	0.0
LjRoot120.fasta	0.6575834048472519
3934_E.fasta	0.7897241041290272
3934_Q.fasta	0.7886610624804439
3934_F.fasta	0.0
3934_BI.fasta	0.0
3823_L.fasta	0.0
LjRoot28.fasta	0.6505542338327206
